{
  "meta.default": ["", "String", "varchar", "新建字段", "", false, false],
  "meta.header": {
    "name": {
      "title": "名称"
    },
    "javaType": {
      "title": "java类",
      "type": "select",
      "option_list": ["int"]
    },
    "dataType": {
      "title": "数据类型"
    },
    "comment": {
      "title": "备注"
    },
    "defaultValue": {
      "title": "默认值"
    },
    "primaryKey": {
      "title": "是否主键",
      "type": "boolean"
    },
    "notNull": {
      "title": "不能为空",
      "type": "boolean"
    }
  }
}